loja_id,ano_mes,receita,teve_campanha
1,2023-01,12515.07,0
1,2023-02,14003.56,0
1,2023-03,11931.15,0
1,2023-04,13060.76,1
1,2023-05,10962.63,1
1,2023-06,10338.53,0
1,2023-07,10237.75,1
1,2023-08,10118.48,0
1,2023-09,13653.03,1
1,2023-10,14565.71,0
1,2023-11,14894.75,0
1,2023-12,14317.49,0
1,2024-01,13120.34,0
1,2024-02,15113.8,0
1,2024-03,14484.01,1
1,2024-04,13181.06,1
1,2024-05,11858.42,0
1,2024-06,10197.47,0
1,2024-07,10527.04,0
1,2024-08,11199.83,0
1,2024-09,12305.35,0
1,2024-10,12442.19,0
1,2024-11,12311.24,0
1,2024-12,15340.8,0
1,2025-01,13799.61,0
1,2025-02,13848.95,0
1,2025-03,15432.26,1
2,2023-01,10627.71,0
2,2023-02,13497.67,0
2,2023-03,12064.57,0
2,2023-04,9617.01,0
2,2023-05,9173.93,0
2,2023-06,9173.04,1
2,2023-07,7463.13,0
2,2023-08,8637.48,0
2,2023-09,11470.96,0
2,2023-10,11420.57,0
2,2023-11,10436.33,0
2,2023-12,12816.03,0
2,2024-01,14036.31,0
2,2024-02,11179.52,0
2,2024-03,11073.29,1
2,2024-04,9869.89,0
2,2024-05,10668.83,0
2,2024-06,7970.68,0
2,2024-07,8941.18,0
2,2024-08,10825.24,0
2,2024-09,11717.94,0
2,2024-10,11708.01,0
2,2024-11,16675.93,1
2,2024-12,12801.75,0
2,2025-01,13029.41,0
2,2025-02,11794.58,1
2,2025-03,12695.05,0
2,2025-04,11094.42,0
2,2025-05,9752.84,0
2,2025-06,10001.48,1
2,2025-07,9577.21,0
2,2025-08,10712.29,1
2,2025-09,10752.42,0
2,2025-10,12521.92,0
2,2025-11,15339.92,1
2,2025-12,14184.09,0
3,2023-01,10766.91,1
3,2023-02,9370.54,1
3,2023-03,9154.51,1
3,2023-04,9303.35,0
3,2023-05,8249.06,1
3,2023-06,7323.4,0
3,2023-07,8930.02,1
3,2023-08,7779.38,0
3,2023-09,9319.18,0
3,2023-10,10513.65,1
3,2023-11,10994.26,1
3,2023-12,13840.48,1
3,2024-01,11591.84,0
3,2024-02,11215.57,0
4,2023-01,7940.81,1
4,2023-02,7940.91,1
4,2023-03,6963.21,0
4,2023-04,6208.5,0
4,2023-05,6249.91,0
4,2023-06,5904.55,0
4,2023-07,6328.5,0
4,2023-08,5889.68,0
4,2023-09,7638.28,1
4,2023-10,8062.93,0
4,2023-11,8554.06,1
4,2023-12,8743.59,1
4,2024-01,9111.04,0
4,2024-02,7377.2,1
4,2024-03,9202.85,1
4,2024-04,6506.59,0
4,2024-05,6147.48,0
4,2024-06,6492.29,0
4,2024-07,6344.51,0
4,2024-08,6325.21,1
4,2024-09,7334.15,1
4,2024-10,7766.31,0
4,2024-11,10036.25,1
4,2024-12,8950.74,0
4,2025-01,8630.68,0
4,2025-02,7943.92,0
4,2025-03,8767.34,0
4,2025-04,6907.94,0
4,2025-05,6929.15,0
4,2025-06,6080.17,0
4,2025-07,5566.73,0
4,2025-08,5650.17,0
4,2025-09,8453.08,1
4,2025-10,8543.99,0
4,2025-11,9698.48,0
4,2025-12,10024.04,1
5,2023-01,21987.88,1
5,2023-02,22056.99,1
5,2023-03,16283.39,0
5,2023-04,18667.42,1
5,2023-05,15378.65,0
5,2023-06,14292.53,0
5,2023-07,16305.46,1
5,2023-08,19628.42,1
5,2023-09,19734.52,1
5,2023-10,20647.56,1
5,2023-11,17739.84,0
6,2023-01,15675.88,1
6,2023-02,15699.64,0
6,2023-03,13043.04,0
6,2023-04,12450.78,0
6,2023-05,11879.65,0
6,2023-06,14204.1,1
6,2023-07,12382.7,0
6,2023-08,12392.79,0
6,2023-09,15054.1,0
6,2023-10,15835.47,0
6,2023-11,13713.84,0
6,2023-12,18437.27,0
6,2024-01,18743.52,1
6,2024-02,14599.1,1
6,2024-03,15782.38,0
6,2024-04,15366.25,1
6,2024-05,12313.11,0
6,2024-06,12565.67,0
6,2024-07,11973.38,0
6,2024-08,13214.18,0
6,2024-09,13938.92,0
6,2024-10,15388.66,0
6,2024-11,15185.58,0
6,2024-12,17961.9,0
6,2025-01,22465.04,1
6,2025-02,16072.79,0
6,2025-03,14300.4,0
6,2025-04,13346.68,0
6,2025-05,11405.64,0
6,2025-06,12154.81,0
6,2025-07,12413.63,0
6,2025-08,15027.58,1
6,2025-09,15704.4,0
6,2025-10,15365.09,0
6,2025-11,16626.1,0
6,2025-12,16274.29,0
7,2023-01,17272.28,0
7,2023-02,14362.8,0
7,2023-03,17260.94,0
7,2023-04,15228.37,1
7,2023-05,12559.52,0
7,2023-06,13135.63,0
7,2023-07,12380.3,0
7,2023-08,13125.7,0
7,2023-09,14241.4,0
7,2023-10,16222.26,0
7,2023-11,18737.57,0
7,2023-12,20514.17,0
7,2024-01,19850.99,1
7,2024-02,18245.16,0
7,2024-03,16333.15,0
7,2024-04,17421.0,0
7,2024-05,15854.72,0
7,2024-06,12234.97,0
7,2024-07,13889.97,0
7,2024-08,14961.2,0
7,2024-09,15689.66,0
7,2024-10,17014.54,0
7,2024-11,17988.95,0
7,2024-12,21423.5,1
7,2025-01,15939.05,0
7,2025-02,22543.2,1
7,2025-03,18251.88,0
7,2025-04,17980.82,1
7,2025-05,15727.37,1
7,2025-06,13672.65,0
7,2025-07,18868.41,1
7,2025-08,17475.54,0
7,2025-09,18191.17,1
7,2025-10,17205.24,0
7,2025-11,19377.96,0
7,2025-12,20367.22,0
8,2023-01,9356.38,0
8,2023-02,10071.85,0
8,2023-03,9040.25,0
8,2023-04,8085.84,0
8,2023-05,7338.88,0
8,2023-06,7839.08,0
8,2023-07,7908.62,1
8,2023-08,9570.43,0
8,2023-09,8930.32,0
8,2023-10,9760.75,0
8,2023-11,10833.17,0
8,2023-12,13657.04,1
8,2024-01,10275.55,0
8,2024-02,10818.36,0
8,2024-03,10001.37,0
8,2024-04,9479.57,0
8,2024-05,7899.9,0
8,2024-06,9322.83,1
8,2024-07,7421.72,0
8,2024-08,6888.67,0
8,2024-09,8054.83,0
8,2024-10,11371.91,1
8,2024-11,11686.01,0
8,2024-12,11409.68,0
8,2025-01,11431.92,0
8,2025-02,11295.22,0
8,2025-03,10428.64,0
8,2025-04,10064.33,0
8,2025-05,9082.82,1
8,2025-06,8346.33,0
8,2025-07,9187.76,0
8,2025-08,10125.33,1
8,2025-09,10621.8,0
8,2025-10,10212.81,0
8,2025-11,12266.65,0
8,2025-12,12741.44,0
9,2023-01,6391.77,0
9,2023-02,7200.16,0
9,2023-03,6622.82,0
9,2023-04,6367.99,0
9,2023-05,5585.67,0
9,2023-06,6393.3,0
9,2023-07,6115.59,0
9,2023-08,6709.8,1
9,2023-09,6418.03,0
9,2023-10,6289.99,0
9,2023-11,7555.23,0
9,2023-12,8727.85,1
9,2024-01,9269.4,0
9,2024-02,7687.83,0
9,2024-03,7431.24,0
9,2024-04,5960.6,0
9,2024-05,6159.42,0
9,2024-06,5039.67,1
9,2024-07,6172.72,0
9,2024-08,5595.79,0
9,2024-09,5991.87,0
9,2024-10,7155.37,0
9,2024-11,8290.63,0
10,2023-01,8895.72,0
10,2023-02,7927.11,0
10,2023-03,9337.95,1
10,2023-04,6846.96,0
10,2023-05,7457.6,1
10,2023-06,6116.34,0
10,2023-07,6637.4,0
10,2023-08,6945.96,0
10,2023-09,7806.11,0
10,2023-10,10224.94,0
10,2023-11,8316.05,0
10,2023-12,11789.06,1
10,2024-01,7432.81,0
10,2024-02,8190.11,0
10,2024-03,8524.47,0
10,2024-04,8478.0,1
10,2024-05,7364.51,0
10,2024-06,6575.17,0
10,2024-07,6828.29,0
10,2024-08,7285.33,0
10,2024-09,8088.46,0
10,2024-10,8944.31,0
10,2024-11,9445.75,0
10,2024-12,9631.13,0
10,2025-01,9692.84,0
10,2025-02,9631.92,0
10,2025-03,8946.36,0
10,2025-04,7587.37,0
10,2025-05,7650.89,1
10,2025-06,6130.36,0
10,2025-07,9169.17,1
10,2025-08,7732.19,1
10,2025-09,7877.36,0
10,2025-10,9827.89,0
10,2025-11,8839.78,0
10,2025-12,8893.56,0
11,2023-01,13493.27,1
11,2023-02,14564.31,1
11,2023-03,12507.31,1
11,2023-04,11990.86,0
11,2023-05,9941.79,0
11,2023-06,8110.16,0
11,2023-07,9245.05,0
11,2023-08,8524.24,0
11,2023-09,11256.99,0
11,2023-10,11413.66,0
11,2023-11,13295.49,0
11,2023-12,14963.5,0
11,2024-01,14859.96,0
11,2024-02,12482.73,0
11,2024-03,12484.84,0
11,2024-04,10414.3,0
11,2024-05,10037.07,0
11,2024-06,8313.39,0
11,2024-07,8987.72,0
11,2024-08,10730.9,0
11,2024-09,9699.69,0
11,2024-10,12502.8,0
11,2024-11,13537.67,0
11,2024-12,14528.68,0
11,2025-01,12128.08,0
11,2025-02,11432.68,0
11,2025-03,14816.94,1
11,2025-04,11358.75,0
11,2025-05,10049.24,0
11,2025-06,8660.16,0
11,2025-07,10874.73,1
11,2025-08,10959.0,1
11,2025-09,12660.14,0
11,2025-10,11589.97,0
11,2025-11,13683.1,0
11,2025-12,17258.42,1
12,2023-01,10011.67,0
12,2023-02,8805.77,0
12,2023-03,8907.27,0
12,2023-04,8252.44,0
12,2023-05,7221.21,0
12,2023-06,7092.35,0
12,2023-07,7646.01,1
12,2023-08,9064.92,1
12,2023-09,9085.42,1
12,2023-10,7971.12,0
12,2023-11,10048.7,0
12,2023-12,9194.8,0
12,2024-01,11019.5,0
12,2024-02,9890.31,0
12,2024-03,8411.86,1
12,2024-04,8675.84,0
12,2024-05,7651.67,0
12,2024-06,7579.12,0
12,2024-07,8173.99,1
12,2024-08,9553.69,1
12,2024-09,8077.1,0
12,2024-10,10088.23,0
12,2024-11,11604.48,1
12,2024-12,10170.59,1
12,2025-01,8984.38,0
12,2025-02,9770.6,0
12,2025-03,8687.59,0
12,2025-04,7168.21,0
13,2023-01,12086.31,0
13,2023-02,12644.79,0
13,2023-03,12437.08,1
13,2023-04,14413.69,1
13,2023-05,9487.81,0
13,2023-06,11760.09,1
13,2023-07,11003.53,0
13,2023-08,9979.5,0
13,2023-09,10901.56,0
13,2023-10,13546.48,1
13,2023-11,14971.39,1
13,2023-12,15285.93,1
13,2024-01,14228.92,1
13,2024-02,13796.46,0
13,2024-03,12080.78,0
13,2024-04,13523.14,0
13,2024-05,11280.66,0
13,2024-06,9763.72,0
13,2024-07,10673.14,0
13,2024-08,12734.85,1
13,2024-09,13021.52,0
13,2024-10,11334.91,0
13,2024-11,12749.09,0
13,2024-12,13725.29,0
13,2025-01,14653.2,0
13,2025-02,10130.35,0
13,2025-03,12115.61,0
13,2025-04,14730.49,1
13,2025-05,9973.77,0
13,2025-06,10709.03,0
13,2025-07,10913.9,0
13,2025-08,13162.32,1
13,2025-09,14818.95,1
13,2025-10,14872.22,0
13,2025-11,18607.48,1
13,2025-12,14906.93,0
14,2023-01,15360.94,0
14,2023-02,16292.27,0
14,2023-03,15095.54,0
14,2023-04,14237.08,0
14,2023-05,12160.92,1
14,2023-06,12526.22,0
14,2023-07,10688.29,0
14,2023-08,14649.9,1
14,2023-09,13633.84,0
14,2023-10,19031.99,1
14,2023-11,16516.15,1
14,2023-12,17550.16,0
14,2024-01,17812.17,0
14,2024-02,16038.83,0
14,2024-03,15537.61,0
14,2024-04,13459.07,0
14,2024-05,14605.98,1
14,2024-06,14261.52,1
14,2024-07,12016.67,0
14,2024-08,13264.61,0
14,2024-09,13822.09,1
14,2024-10,14006.01,0
14,2024-11,18895.58,1
14,2024-12,16321.71,0
14,2025-01,19915.82,1
14,2025-02,18822.32,0
14,2025-03,17699.64,0
14,2025-04,16094.6,1
15,2023-01,24540.25,1
15,2023-02,20839.0,0
15,2023-03,24287.46,0
15,2023-04,23513.31,1
15,2023-05,17769.68,0
15,2023-06,17419.91,0
15,2023-07,17241.63,0
15,2023-08,21875.44,1
15,2023-09,20599.45,0
15,2023-10,26876.72,1
15,2023-11,28946.55,1
15,2023-12,26266.1,1
15,2024-01,25936.3,0
15,2024-02,29828.05,1
15,2024-03,23343.93,0
15,2024-04,21131.54,0
15,2024-05,17775.37,0
15,2024-06,17057.41,0
15,2024-07,18366.26,0
15,2024-08,18651.47,0
15,2024-09,23328.83,0
15,2024-10,23434.53,0
15,2024-11,24153.33,0
15,2024-12,28707.53,0
15,2025-01,27022.46,1
15,2025-02,28300.46,1
15,2025-03,22409.23,0
15,2025-04,25566.07,0
15,2025-05,19739.74,0
15,2025-06,17618.67,0
15,2025-07,19268.47,0
15,2025-08,20231.61,0
16,2023-01,14374.91,0
16,2023-02,15782.38,0
16,2023-03,14246.46,0
16,2023-04,12670.29,0
16,2023-05,10705.22,0
16,2023-06,12549.15,0
16,2023-07,12807.1,1
16,2023-08,11330.69,0
16,2023-09,15911.34,1
16,2023-10,14506.1,0
16,2023-11,18636.23,1
16,2023-12,16571.73,0
16,2024-01,18795.74,0
16,2024-02,14059.9,0
16,2024-03,15247.71,1
16,2024-04,16065.12,0
16,2024-05,11883.47,0
16,2024-06,10440.68,0
16,2024-07,12163.03,0
16,2024-08,13521.75,0
16,2024-09,13554.72,0
17,2023-01,13358.32,0
17,2023-02,13953.51,0
17,2023-03,13674.66,1
17,2023-04,14788.28,0
17,2023-05,10222.48,0
17,2023-06,10753.34,0
17,2023-07,13347.77,1
17,2023-08,10991.46,0
17,2023-09,13868.66,0
17,2023-10,15645.81,1
17,2023-11,16312.44,0
17,2023-12,16124.45,0
17,2024-01,16247.2,0
17,2024-02,17096.38,0
17,2024-03,13265.97,0
17,2024-04,13692.56,0
17,2024-05,14682.51,1
17,2024-06,10624.06,0
17,2024-07,11733.94,1
17,2024-08,12508.65,0
17,2024-09,11704.95,0
17,2024-10,17672.93,1
17,2024-11,17497.98,0
17,2024-12,15345.47,0
17,2025-01,18373.16,0
17,2025-02,18087.47,0
17,2025-03,17612.05,1
17,2025-04,17254.97,1
17,2025-05,12533.07,0
17,2025-06,11786.94,0
17,2025-07,12371.05,0
17,2025-08,13721.98,1
17,2025-09,13995.11,0
17,2025-10,16161.74,0
17,2025-11,19669.33,1
17,2025-12,20921.81,1
18,2023-01,13415.06,0
18,2023-02,19075.69,0
18,2023-03,13254.97,0
18,2023-04,13767.17,0
18,2023-05,13825.71,1
18,2023-06,10972.52,0
18,2023-07,13724.52,1
18,2023-08,13022.47,1
18,2023-09,15418.92,1
18,2023-10,17613.65,0
18,2023-11,17634.23,1
18,2023-12,19094.11,1
18,2024-01,15443.72,0
18,2024-02,17049.49,0
18,2024-03,14086.54,0
18,2024-04,14038.77,0
18,2024-05,15304.54,1
18,2024-06,13300.1,1
18,2024-07,12845.34,0
18,2024-08,13507.35,0
18,2024-09,15652.55,0
19,2023-01,5999.66,1
19,2023-02,6063.29,1
19,2023-03,4457.92,0
19,2023-04,3734.35,0
19,2023-05,3332.52,0
20,2023-01,15740.57,0
20,2023-02,16797.59,0
20,2023-03,16189.99,0
20,2023-04,13775.36,0
20,2023-05,11039.12,0
20,2023-06,13660.19,1
20,2023-07,12609.92,0
20,2023-08,13963.5,0
20,2023-09,17161.22,0
20,2023-10,14451.14,0
20,2023-11,19193.06,0
20,2023-12,19770.01,0
20,2024-01,20669.73,1
20,2024-02,20837.06,1
20,2024-03,16480.89,0
20,2024-04,15961.12,0
20,2024-05,13115.31,0
20,2024-06,12444.96,0
20,2024-07,12995.74,1
20,2024-08,15103.58,0
20,2024-09,15321.01,0
20,2024-10,15456.73,0
20,2024-11,17566.48,0
20,2024-12,20640.34,0
20,2025-01,19951.48,0
20,2025-02,17447.53,0
20,2025-03,21784.17,1
20,2025-04,15880.92,0
20,2025-05,15289.35,0
20,2025-06,14273.0,0
20,2025-07,15665.55,1
20,2025-08,15782.67,0
20,2025-09,18359.51,0
20,2025-10,20208.25,1
20,2025-11,21071.61,0
20,2025-12,19480.74,0
21,2023-01,13918.63,1
21,2023-02,9702.53,0
21,2023-03,11355.37,0
21,2023-04,7935.63,0
21,2023-05,7894.7,0
21,2023-06,8069.62,0
21,2023-07,8671.84,0
21,2023-08,9537.85,0
21,2023-09,10368.62,0
21,2023-10,8835.76,0
21,2023-11,12713.36,1
21,2023-12,10702.77,0
21,2024-01,12256.96,0
21,2024-02,13271.35,1
21,2024-03,10344.72,0
21,2024-04,8831.37,0
21,2024-05,7759.42,0
21,2024-06,7689.57,0
21,2024-07,7766.24,0
21,2024-08,9922.46,1
21,2024-09,10517.86,0
21,2024-10,10778.65,0
21,2024-11,10415.71,0
21,2024-12,10754.64,0
21,2025-01,14056.79,1
21,2025-02,13157.39,0
21,2025-03,10640.7,0
21,2025-04,10212.24,1
21,2025-05,8187.78,0
21,2025-06,8948.99,0
21,2025-07,9732.84,0
21,2025-08,9003.32,0
21,2025-09,9714.78,0
21,2025-10,9902.85,0
21,2025-11,13519.64,1
21,2025-12,14821.99,1
22,2023-01,25482.4,0
22,2023-02,29604.54,1
22,2023-03,25061.45,0
22,2023-04,23034.04,0
22,2023-05,18563.23,0
22,2023-06,18073.01,0
22,2023-07,19873.06,0
22,2023-08,22288.2,0
22,2023-09,27200.88,0
22,2023-10,23209.13,0
22,2023-11,31366.06,1
22,2023-12,31921.37,1
22,2024-01,27411.43,0
22,2024-02,33313.62,1
22,2024-03,29551.75,1
22,2024-04,24158.28,0
22,2024-05,19240.68,0
22,2024-06,19798.32,0
22,2024-07,20744.03,0
23,2023-01,19176.62,1
23,2023-02,19370.11,0
23,2023-03,16409.64,1
23,2023-04,10943.41,0
23,2023-05,12715.82,0
23,2023-06,12617.68,0
23,2023-07,12351.11,0
23,2023-08,10107.06,0
23,2023-09,14796.02,0
23,2023-10,16589.12,0
23,2023-11,15352.23,0
23,2023-12,16783.96,0
23,2024-01,19727.28,1
23,2024-02,16188.72,0
23,2024-03,15209.76,0
23,2024-04,14712.6,0
23,2024-05,12583.24,0
23,2024-06,11137.41,0
23,2024-07,13814.23,0
23,2024-08,12608.88,0
23,2024-09,16661.5,1
23,2024-10,15963.77,0
23,2024-11,16220.38,0
23,2024-12,22271.41,1
23,2025-01,19642.03,0
23,2025-02,17171.41,0
23,2025-03,16421.64,0
23,2025-04,16963.81,1
23,2025-05,12607.34,0
23,2025-06,12211.28,0
23,2025-07,13417.64,0
23,2025-08,12999.94,0
23,2025-09,15750.98,0
23,2025-10,14174.71,0
23,2025-11,18021.44,0
23,2025-12,19837.95,0
24,2023-01,22901.54,1
24,2023-02,23550.79,1
24,2023-03,16273.36,0
24,2023-04,16215.89,0
24,2023-05,16175.37,0
24,2023-06,14758.1,0
24,2023-07,15581.15,0
24,2023-08,14160.43,0
24,2023-09,17301.59,0
24,2023-10,18589.29,0
24,2023-11,20518.37,0
24,2023-12,19793.79,0
24,2024-01,23270.38,0
24,2024-02,21286.55,0
24,2024-03,20462.13,0
24,2024-04,17492.57,0
24,2024-05,16669.29,1
24,2024-06,15852.43,0
24,2024-07,16939.06,0
24,2024-08,16751.49,0
24,2024-09,18683.72,1
24,2024-10,18888.85,0
24,2024-11,23942.96,1
24,2024-12,27664.63,1
24,2025-01,25218.83,0
24,2025-02,22027.37,1
24,2025-03,20141.37,0
24,2025-04,19073.3,1
24,2025-05,14798.3,0
24,2025-06,16529.9,0
24,2025-07,16206.67,0
24,2025-08,17401.96,0
24,2025-09,18568.95,0
24,2025-10,21194.29,0
24,2025-11,25452.47,1
24,2025-12,27601.61,1
25,2023-01,15298.74,0
25,2023-02,18803.05,1
25,2023-03,15397.43,0
25,2023-04,13632.88,0
25,2023-05,13759.86,1
25,2023-06,11657.67,0
25,2023-07,11831.94,0
25,2023-08,14296.35,1
25,2023-09,13813.65,1
25,2023-10,18240.3,0
25,2023-11,17998.87,0
25,2023-12,19701.21,0
25,2024-01,20165.41,1
25,2024-02,15605.82,0
25,2024-03,15818.18,0
25,2024-04,14838.58,0
25,2024-05,13309.35,1
25,2024-06,13566.41,0
25,2024-07,12050.39,0
25,2024-08,14095.63,0
25,2024-09,16352.68,0
25,2024-10,16477.45,0
25,2024-11,19355.8,0
25,2024-12,17820.49,1
25,2025-01,16347.51,0
25,2025-02,16050.24,0
25,2025-03,13259.58,0
25,2025-04,14077.79,1
25,2025-05,14977.64,0
25,2025-06,14051.28,0
25,2025-07,12433.39,0
25,2025-08,16388.94,0
25,2025-09,14945.5,0
25,2025-10,19339.23,0
25,2025-11,20835.08,0
25,2025-12,17850.78,0
26,2023-01,10368.99,1
26,2023-02,9059.48,0
26,2023-03,7315.93,0
26,2023-04,6143.85,1
26,2023-05,6919.87,0
26,2023-06,5812.35,0
26,2023-07,6253.28,0
27,2023-01,20588.01,0
27,2023-02,20321.54,0
27,2023-03,17519.19,0
27,2023-04,16810.31,0
27,2023-05,18642.8,1
27,2023-06,12301.18,0
27,2023-07,13098.49,0
27,2023-08,14298.13,0
27,2023-09,16624.01,0
27,2023-10,20270.19,0
27,2023-11,22236.48,0
27,2023-12,23512.28,1
27,2024-01,20926.8,0
27,2024-02,22618.12,0
27,2024-03,19192.22,0
27,2024-04,16724.45,0
27,2024-05,17051.95,0
27,2024-06,16191.31,0
27,2024-07,15945.88,0
27,2024-08,15759.97,0
27,2024-09,18754.79,1
27,2024-10,18550.24,0
27,2024-11,22447.85,1
27,2024-12,23138.53,1
27,2025-01,21291.44,0
27,2025-02,21258.77,0
27,2025-03,22288.33,1
27,2025-04,16396.42,0
27,2025-05,16952.64,0
27,2025-06,16038.81,0
27,2025-07,17928.54,1
27,2025-08,16420.81,0
27,2025-09,17286.17,0
27,2025-10,21807.41,0
27,2025-11,22578.68,0
27,2025-12,23934.8,0
28,2023-01,16100.48,0
28,2023-02,15274.89,0
28,2023-03,17943.01,1
28,2023-04,16417.84,0
28,2023-05,13652.41,1
28,2023-06,12111.6,0
28,2023-07,12056.13,0
28,2023-08,12111.15,0
28,2023-09,13755.09,0
28,2023-10,18216.48,0
28,2023-11,15922.67,0
28,2023-12,17632.57,0
28,2024-01,18552.98,1
28,2024-02,18649.75,1
28,2024-03,14639.75,0
28,2024-04,13597.35,0
28,2024-05,12949.5,1
29,2023-01,17017.06,1
29,2023-02,15710.39,1
29,2023-03,13949.51,0
29,2023-04,13645.24,1
29,2023-05,11904.32,1
29,2023-06,9981.24,0
29,2023-07,10973.75,0
29,2023-08,14518.66,1
29,2023-09,13797.41,1
29,2023-10,12116.68,0
29,2023-11,17379.12,1
29,2023-12,17363.94,0
29,2024-01,16481.59,0
29,2024-02,15297.15,1
29,2024-03,14171.6,0
29,2024-04,15320.64,1
29,2024-05,12793.23,1
29,2024-06,10838.05,0
29,2024-07,12341.2,1
29,2024-08,12085.72,0
29,2024-09,12249.17,0
29,2024-10,15081.12,0
29,2024-11,16285.12,0
29,2024-12,18969.97,1
30,2023-01,12165.58,0
30,2023-02,10582.52,0
30,2023-03,10629.32,0
30,2023-04,11335.0,0
30,2023-05,10425.28,1
30,2023-06,8199.6,0
30,2023-07,10430.98,1
30,2023-08,12179.96,1
30,2023-09,10742.93,0
30,2023-10,11342.19,0
30,2023-11,13657.52,0
30,2023-12,12327.23,0
30,2024-01,13811.78,0
30,2024-02,11699.91,0
30,2024-03,10994.11,0
30,2024-04,11017.6,0
30,2024-05,10539.53,0
30,2024-06,9101.09,0
30,2024-07,11444.14,1
30,2024-08,10240.77,0
30,2024-09,10244.52,0
30,2024-10,11639.98,0
30,2024-11,15096.35,1
30,2024-12,14907.59,0
30,2025-01,14465.64,0
30,2025-02,13867.65,0
30,2025-03,11908.32,1
30,2025-04,12859.61,1
30,2025-05,10542.92,0
30,2025-06,9798.36,0
30,2025-07,10228.46,0
30,2025-08,8971.26,0
30,2025-09,10462.11,1
30,2025-10,12813.52,0
30,2025-11,13438.48,0
30,2025-12,13770.89,0
31,2023-01,26125.29,1
31,2023-02,21952.73,0
31,2023-03,23029.97,1
31,2023-04,19623.29,0
31,2023-05,16188.01,0
31,2023-06,18634.04,1
31,2023-07,15579.77,0
31,2023-08,14910.72,0
31,2023-09,18854.7,0
31,2023-10,23027.59,0
31,2023-11,21273.78,0
31,2023-12,27486.47,1
31,2024-01,25349.07,0
31,2024-02,26854.91,1
31,2024-03,19917.55,0
31,2024-04,18063.28,0
31,2024-05,19879.65,1
31,2024-06,17319.59,0
31,2024-07,20251.62,1
31,2024-08,21659.99,1
31,2024-09,24556.04,0
31,2024-10,24848.36,0
31,2024-11,23234.8,0
32,2023-01,9310.06,1
32,2023-02,6207.73,0
32,2023-03,5809.59,0
32,2023-04,6138.04,0
32,2023-05,5219.0,0
32,2023-06,4125.21,0
32,2023-07,6487.65,1
32,2023-08,5806.71,0
32,2023-09,6037.51,0
32,2023-10,6598.81,0
32,2023-11,7078.37,0
32,2023-12,6243.61,0
32,2024-01,6922.43,0
32,2024-02,6757.93,0
32,2024-03,7198.45,0
32,2024-04,5770.71,0
32,2024-05,5748.56,0
32,2024-06,5269.97,0
32,2024-07,5038.01,0
32,2024-08,5919.08,0
32,2024-09,6362.66,0
32,2024-10,7611.23,0
32,2024-11,8172.84,1
32,2024-12,7416.46,0
32,2025-01,8315.95,0
32,2025-02,7357.72,0
32,2025-03,7435.23,0
32,2025-04,6775.79,1
32,2025-05,6607.36,1
32,2025-06,5312.7,0
32,2025-07,5288.04,0
32,2025-08,4983.27,0
32,2025-09,7465.36,0
32,2025-10,7030.8,0
32,2025-11,8192.73,0
32,2025-12,8059.15,0
33,2023-01,19038.24,0
33,2023-02,14355.42,0
33,2023-03,15720.33,0
33,2023-04,16784.16,1
33,2023-05,13093.4,0
33,2023-06,11746.52,0
33,2023-07,10948.8,0
33,2023-08,12841.2,0
33,2023-09,12558.3,0
33,2023-10,17341.66,0
33,2023-11,18287.32,0
34,2023-01,20275.44,0
34,2023-02,16816.82,0
34,2023-03,17247.53,1
34,2023-04,16070.25,0
34,2023-05,16552.87,1
34,2023-06,13045.66,1
34,2023-07,13059.56,0
34,2023-08,16652.2,0
34,2023-09,17267.08,0
34,2023-10,17515.98,0
35,2023-01,6170.29,0
35,2023-02,6766.13,1
35,2023-03,5864.77,0
35,2023-04,4921.77,0
35,2023-05,5615.44,0
35,2023-06,5341.56,0
36,2023-01,10234.75,0
36,2023-02,12467.03,0
36,2023-03,9675.61,0
36,2023-04,9182.76,0
36,2023-05,9122.15,1
36,2023-06,7402.08,0
36,2023-07,7992.44,0
36,2023-08,8430.88,1
36,2023-09,10528.84,1
36,2023-10,10563.19,0
36,2023-11,13058.36,1
36,2023-12,10423.67,0
36,2024-01,10438.96,0
36,2024-02,11512.63,0
36,2024-03,9531.61,0
36,2024-04,10578.98,1
36,2024-05,9737.91,0
36,2024-06,7639.4,0
36,2024-07,8982.63,1
36,2024-08,9915.96,0
37,2023-01,12711.16,0
37,2023-02,14022.42,0
37,2023-03,15697.66,0
37,2023-04,13850.6,1
37,2023-05,11949.54,0
37,2023-06,10301.13,0
37,2023-07,9730.25,0
37,2023-08,10169.33,0
37,2023-09,14542.13,1
37,2023-10,16027.17,1
37,2023-11,19272.42,1
37,2023-12,15198.36,0
37,2024-01,17861.6,1
37,2024-02,14789.22,0
37,2024-03,14064.49,1
37,2024-04,12916.11,0
37,2024-05,12650.84,0
37,2024-06,11759.32,0
37,2024-07,10686.01,0
37,2024-08,14756.63,0
37,2024-09,14608.57,1
37,2024-10,17988.89,1
37,2024-11,17186.17,1
37,2024-12,17897.76,0
37,2025-01,17971.42,1
37,2025-02,15450.72,0
37,2025-03,15650.53,0
37,2025-04,15302.28,0
37,2025-05,11965.07,0
37,2025-06,11306.14,0
37,2025-07,11143.81,0
37,2025-08,13168.3,1
37,2025-09,14741.05,1
37,2025-10,14654.29,0
37,2025-11,17593.92,0
37,2025-12,17794.72,0
38,2023-01,15709.8,0
38,2023-02,16829.72,1
38,2023-03,16189.36,1
38,2023-04,12682.87,1
38,2023-05,11317.41,0
38,2023-06,9266.54,0
38,2023-07,9405.31,0
38,2023-08,11661.36,0
38,2023-09,14089.81,1
38,2023-10,14022.36,0
38,2023-11,15781.69,0
38,2023-12,17444.05,0
38,2024-01,15576.15,0
38,2024-02,14720.74,0
38,2024-03,13049.1,0
38,2024-04,13518.98,0
38,2024-05,12395.37,1
38,2024-06,10919.38,0
38,2024-07,11899.16,0
38,2024-08,12178.85,0
38,2024-09,13333.43,0
38,2024-10,13635.93,0
38,2024-11,18105.38,1
38,2024-12,19203.78,0
38,2025-01,14604.4,0
38,2025-02,14214.78,0
38,2025-03,15368.29,0
38,2025-04,15073.79,1
38,2025-05,13515.06,0
38,2025-06,10980.29,0
38,2025-07,12674.81,0
38,2025-08,12981.41,0
38,2025-09,12846.67,0
38,2025-10,14519.12,0
38,2025-11,16458.33,0
38,2025-12,15890.3,0
39,2023-01,7216.29,0
39,2023-02,6710.8,0
39,2023-03,5653.7,0
39,2023-04,5943.15,1
39,2023-05,5973.03,1
39,2023-06,4727.18,0
39,2023-07,5583.96,0
39,2023-08,5366.7,0
39,2023-09,5295.88,0
39,2023-10,6390.87,1
39,2023-11,7272.52,0
39,2023-12,7523.63,1
39,2024-01,7015.51,0
39,2024-02,5755.34,1
39,2024-03,6171.98,0
40,2023-01,15072.28,0
40,2023-02,14421.49,0
40,2023-03,18571.67,1
40,2023-04,15045.52,1
40,2023-05,12340.47,0
40,2023-06,15949.06,1
40,2023-07,13322.83,0
40,2023-08,14906.85,0
40,2023-09,16014.61,0
40,2023-10,17021.44,0
40,2023-11,19326.99,0
40,2023-12,16768.17,0
40,2024-01,18530.05,1
40,2024-02,15116.36,0
40,2024-03,13603.81,0
40,2024-04,16327.29,1
40,2024-05,11693.16,0
40,2024-06,11604.78,0
40,2024-07,12716.31,0
40,2024-08,10910.53,0
40,2024-09,15114.54,0
40,2024-10,16746.24,0
40,2024-11,23402.77,1
40,2024-12,18999.98,0
40,2025-01,21044.98,1
40,2025-02,22429.07,1
40,2025-03,16213.66,0
40,2025-04,15326.48,0
40,2025-05,15011.38,0
40,2025-06,12544.12,0
40,2025-07,14591.02,0
40,2025-08,14431.36,1
40,2025-09,18744.68,1
40,2025-10,18412.74,0
40,2025-11,18189.87,0
40,2025-12,19217.55,0
41,2023-01,12706.52,0
41,2023-02,10643.06,0
41,2023-03,10388.62,0
41,2023-04,9137.38,0
41,2023-05,7949.55,0
41,2023-06,7660.46,0
41,2023-07,8416.63,0
41,2023-08,9707.22,0
41,2023-09,9627.71,1
41,2023-10,11883.3,0
41,2023-11,11930.89,0
41,2023-12,11562.49,0
41,2024-01,12055.95,0
41,2024-02,11806.56,0
41,2024-03,9525.79,0
41,2024-04,10542.11,1
41,2024-05,8793.44,0
41,2024-06,7327.83,0
41,2024-07,9117.49,0
41,2024-08,8677.53,0
41,2024-09,9585.79,0
41,2024-10,10966.75,0
41,2024-11,12300.42,0
41,2024-12,12693.58,0
41,2025-01,13810.61,1
42,2023-01,15760.18,0
42,2023-02,13862.44,0
42,2023-03,13815.63,0
42,2023-04,14573.65,1
42,2023-05,12279.55,1
42,2023-06,12369.23,1
42,2023-07,13091.79,1
42,2023-08,13289.34,1
42,2023-09,11832.74,0
42,2023-10,16063.25,0
42,2023-11,17010.75,0
42,2023-12,16136.02,0
42,2024-01,18100.41,0
42,2024-02,16170.98,0
42,2024-03,14056.67,0
42,2024-04,12329.61,0
42,2024-05,12316.93,1
42,2024-06,11397.04,0
42,2024-07,10884.31,0
42,2024-08,11707.98,0
42,2024-09,14123.75,0
42,2024-10,13496.69,0
42,2024-11,15881.71,1
42,2024-12,19064.96,1
42,2025-01,17617.61,0
42,2025-02,18631.82,1
42,2025-03,13055.23,0
42,2025-04,12872.2,0
42,2025-05,13421.14,1
42,2025-06,10585.39,0
42,2025-07,12257.29,0
42,2025-08,13285.78,0
42,2025-09,14144.36,0
42,2025-10,15508.12,1
42,2025-11,19678.97,0
42,2025-12,16493.31,0
43,2023-01,13074.85,0
43,2023-02,14498.95,1
43,2023-03,10442.8,0
43,2023-04,10182.73,0
43,2023-05,8131.02,0
43,2023-06,8461.98,0
43,2023-07,9155.63,0
43,2023-08,9458.44,0
43,2023-09,10983.83,0
43,2023-10,12314.47,1
43,2023-11,13241.79,0
43,2023-12,13213.36,1
43,2024-01,14736.38,1
43,2024-02,11629.91,0
43,2024-03,9799.26,0
43,2024-04,10898.04,0
43,2024-05,7575.71,0
43,2024-06,9624.68,1
43,2024-07,8498.45,0
43,2024-08,10854.58,0
43,2024-09,12982.17,1
43,2024-10,10945.86,0
43,2024-11,11633.62,0
43,2024-12,14409.61,1
43,2025-01,13553.15,1
44,2023-01,21910.56,1
44,2023-02,14470.1,0
44,2023-03,17812.55,0
44,2023-04,14658.5,0
44,2023-05,15362.41,1
44,2023-06,12680.27,0
44,2023-07,11132.9,0
44,2023-08,14495.8,0
44,2023-09,16836.27,1
44,2023-10,15229.65,0
44,2023-11,19276.82,0
44,2023-12,19887.66,0
44,2024-01,22349.93,1
44,2024-02,21146.78,1
44,2024-03,15610.09,0
44,2024-04,15540.78,0
44,2024-05,14902.75,0
44,2024-06,14153.59,0
44,2024-07,12092.93,1
44,2024-08,14182.12,0
44,2024-09,16570.87,1
44,2024-10,19249.09,0
44,2024-11,20687.0,1
44,2024-12,19968.54,0
44,2025-01,19495.77,0
44,2025-02,22763.07,1
44,2025-03,19532.25,0
44,2025-04,17496.12,1
44,2025-05,14639.31,0
44,2025-06,15284.1,0
44,2025-07,12702.57,0
44,2025-08,15340.99,1
44,2025-09,15535.72,0
44,2025-10,19132.26,0
44,2025-11,19487.0,0
44,2025-12,19084.96,0
45,2023-01,10152.24,0
45,2023-02,7768.92,0
45,2023-03,7752.79,0
45,2023-04,8291.0,1
45,2023-05,7915.25,0
45,2023-06,6276.66,0
45,2023-07,7010.4,0
45,2023-08,7093.71,0
45,2023-09,7150.0,0
45,2023-10,9050.89,0
45,2023-11,10222.64,1
45,2023-12,9295.37,0
45,2024-01,8644.62,0
45,2024-02,10438.98,1
45,2024-03,9633.52,0
45,2024-04,7463.82,0
45,2024-05,6597.23,0
45,2024-06,6014.97,0
45,2024-07,6051.12,0
45,2024-08,7440.23,0
45,2024-09,8324.45,0
45,2024-10,9379.3,0
45,2024-11,9713.59,0
45,2024-12,10302.38,0
45,2025-01,11328.19,0
45,2025-02,10652.6,0
45,2025-03,9838.78,0
45,2025-04,8869.71,0
45,2025-05,7962.43,0
45,2025-06,7120.54,1
45,2025-07,8089.92,1
45,2025-08,8026.46,0
45,2025-09,8036.76,0
46,2023-01,15049.75,0
46,2023-02,12361.58,0
46,2023-03,11477.64,1
46,2023-04,10428.03,0
46,2023-05,10259.29,0
46,2023-06,9917.58,1
46,2023-07,9539.63,0
46,2023-08,10066.34,1
46,2023-09,10943.8,0
46,2023-10,12491.73,0
46,2023-11,13328.53,0
46,2023-12,14835.92,0
46,2024-01,12807.09,0
46,2024-02,13682.83,0
46,2024-03,12899.07,0
46,2024-04,10640.24,0
46,2024-05,9670.48,0
46,2024-06,11319.08,0
46,2024-07,9857.62,0
46,2024-08,11145.99,0
46,2024-09,13775.32,1
46,2024-10,12982.49,1
46,2024-11,14273.42,0
46,2024-12,14756.34,0
46,2025-01,16513.75,0
46,2025-02,14078.67,0
46,2025-03,13690.26,0
46,2025-04,12544.15,0
46,2025-05,10628.94,0
46,2025-06,13654.09,1
46,2025-07,9919.26,0
46,2025-08,9818.2,0
46,2025-09,10378.43,0
46,2025-10,14682.74,1
46,2025-11,12580.56,0
46,2025-12,14376.63,0
47,2023-01,23468.62,0
47,2023-02,25676.29,1
47,2023-03,20222.85,0
47,2023-04,17982.74,0
47,2023-05,16879.16,0
47,2023-06,17571.93,0
47,2023-07,17540.62,1
47,2023-08,19311.05,1
47,2023-09,20609.35,0
47,2023-10,22262.5,0
47,2023-11,20605.8,0
47,2023-12,26740.94,0
47,2024-01,26509.14,1
47,2024-02,21388.6,0
47,2024-03,19460.69,0
47,2024-04,24249.63,1
47,2024-05,15250.69,0
47,2024-06,18222.47,0
47,2024-07,21384.33,1
47,2024-08,20734.85,1
47,2024-09,23687.61,0
47,2024-10,21283.57,0
47,2024-11,25920.87,0
47,2024-12,26036.35,0
47,2025-01,29302.0,0
47,2025-02,24067.32,0
47,2025-03,23612.34,0
47,2025-04,21031.67,0
47,2025-05,16881.88,0
47,2025-06,18210.44,0
47,2025-07,17795.99,0
47,2025-08,20140.69,0
47,2025-09,22728.51,0
47,2025-10,26723.49,0
47,2025-11,21114.87,0
47,2025-12,26940.17,0
48,2023-01,6545.83,0
48,2023-02,8179.5,1
48,2023-03,7643.41,0
48,2023-04,5770.77,0
48,2023-05,5124.74,0
48,2023-06,5044.48,0
48,2023-07,5343.68,1
48,2023-08,4462.72,0
48,2023-09,6380.82,0
48,2023-10,7672.84,1
48,2023-11,6944.41,0
48,2023-12,7006.71,0
48,2024-01,8167.64,0
48,2024-02,8060.21,0
48,2024-03,7696.57,1
48,2024-04,5795.84,1
48,2024-05,6320.17,1
48,2024-06,5636.08,0
48,2024-07,6086.37,1
48,2024-08,5860.95,0
48,2024-09,6917.52,1
48,2024-10,7880.07,1
48,2024-11,8320.88,0
48,2024-12,9135.38,1
48,2025-01,7646.47,0
48,2025-02,7484.11,0
48,2025-03,8819.81,1
48,2025-04,5932.72,0
48,2025-05,5657.22,0
48,2025-06,5650.53,0
48,2025-07,5528.7,0
48,2025-08,6855.17,0
48,2025-09,7361.61,0
48,2025-10,7387.44,0
48,2025-11,9443.9,0
48,2025-12,9594.79,1
49,2023-01,20098.06,0
49,2023-02,21381.97,1
49,2023-03,18436.95,1
49,2023-04,14810.4,1
49,2023-05,13488.89,0
49,2023-06,12127.21,0
49,2023-07,13604.79,0
49,2023-08,16069.76,1
49,2023-09,17484.87,1
49,2023-10,17936.49,0
49,2023-11,18608.31,0
49,2023-12,18713.1,0
49,2024-01,16959.14,0
49,2024-02,17086.08,0
49,2024-03,15345.65,0
49,2024-04,16283.99,0
49,2024-05,13885.39,0
49,2024-06,13714.34,0
49,2024-07,13140.44,0
49,2024-08,17804.42,1
49,2024-09,16824.2,0
49,2024-10,17798.62,0
49,2024-11,18914.9,0
49,2024-12,18429.75,0
49,2025-01,18690.93,0
49,2025-02,16517.64,0
49,2025-03,18313.04,0
49,2025-04,18866.87,1
49,2025-05,15589.07,0
49,2025-06,13010.89,0
49,2025-07,15914.88,0
49,2025-08,14847.56,0
49,2025-09,17430.74,0
49,2025-10,16619.16,0
49,2025-11,24282.86,1
49,2025-12,24293.52,1
50,2023-01,29187.22,1
50,2023-02,27551.95,1
50,2023-03,24937.54,0
50,2023-04,23678.01,0
50,2023-05,20930.66,1
50,2023-06,21285.75,1
50,2023-07,18644.36,0
50,2023-08,22781.99,0
50,2023-09,21745.94,0
50,2023-10,22706.47,0
50,2023-11,28520.77,0
50,2023-12,34783.14,1
50,2024-01,29373.6,0
50,2024-02,32565.9,1
50,2024-03,28858.7,0
50,2024-04,28738.02,1
50,2024-05,26731.51,1
50,2024-06,25640.81,1
50,2024-07,19537.26,0
50,2024-08,22957.0,0
50,2024-09,27108.74,1
50,2024-10,23191.8,0
50,2024-11,32022.51,1
50,2024-12,35813.16,1
50,2025-01,30530.77,0
50,2025-02,27854.98,0
50,2025-03,24616.08,0
50,2025-04,24779.68,0
50,2025-05,21592.87,0
50,2025-06,22822.97,0
50,2025-07,23080.54,0
50,2025-08,23437.07,0
50,2025-09,22921.29,0
50,2025-10,26575.14,0
50,2025-11,33817.46,0
50,2025-12,35752.85,1
51,2023-01,6251.19,0
51,2023-02,5585.64,1
51,2023-03,6250.91,0
51,2023-04,3979.83,0
51,2023-05,4943.41,1
51,2023-06,3491.24,0
51,2023-07,4479.49,0
51,2023-08,4112.31,0
51,2023-09,4777.69,0
51,2023-10,6115.13,1
51,2023-11,6087.7,0
52,2023-01,17666.69,1
52,2023-02,15572.49,0
52,2023-03,14535.85,0
52,2023-04,13057.52,0
52,2023-05,13214.51,1
52,2023-06,11030.71,0
52,2023-07,13393.7,1
52,2023-08,14276.68,1
52,2023-09,12953.11,0
52,2023-10,14836.23,0
52,2023-11,13950.34,0
52,2023-12,16500.51,0
52,2024-01,14472.58,0
52,2024-02,17305.07,1
52,2024-03,13675.79,0
52,2024-04,12767.62,0
52,2024-05,13912.61,0
52,2024-06,10921.21,0
52,2024-07,11814.97,0
52,2024-08,13366.83,0
52,2024-09,13576.21,1
52,2024-10,15558.38,0
52,2024-11,19329.73,1
52,2024-12,16088.61,0
52,2025-01,15522.09,0
52,2025-02,17825.84,0
52,2025-03,13213.35,0
52,2025-04,15415.07,1
52,2025-05,11861.51,0
52,2025-06,10223.39,0
53,2023-01,11329.23,0
53,2023-02,11754.63,1
53,2023-03,10138.25,0
53,2023-04,9551.85,1
53,2023-05,7889.98,1
53,2023-06,7160.47,0
53,2023-07,5552.68,0
53,2023-08,7991.35,1
53,2023-09,8698.41,0
53,2023-10,10606.8,0
53,2023-11,10109.34,0
53,2023-12,11227.64,0
53,2024-01,12451.38,1
53,2024-02,9381.17,0
53,2024-03,8719.44,0
53,2024-04,9303.3,0
53,2024-05,7567.84,0
53,2024-06,8060.63,0
53,2024-07,7343.68,0
53,2024-08,7978.68,0
53,2024-09,10740.27,1
53,2024-10,11288.05,1
53,2024-11,10700.58,0
53,2024-12,11779.95,1
53,2025-01,11493.69,0
53,2025-02,11387.09,1
53,2025-03,11798.44,1
53,2025-04,8513.83,0
53,2025-05,8271.52,0
53,2025-06,8512.23,0
54,2023-01,14751.09,0
54,2023-02,14216.63,0
54,2023-03,14180.2,1
54,2023-04,10591.35,0
54,2023-05,11508.08,0
54,2023-06,10320.94,0
54,2023-07,9940.28,0
54,2023-08,11822.09,1
54,2023-09,13902.37,0
54,2023-10,13342.17,0
54,2023-11,16857.82,0
54,2023-12,15068.86,1
54,2024-01,18498.82,1
54,2024-02,14039.51,0
54,2024-03,12772.7,0
54,2024-04,11166.14,0
54,2024-05,11321.34,0
54,2024-06,11598.6,0
54,2024-07,11032.28,0
54,2024-08,11255.56,0
54,2024-09,12658.97,1
54,2024-10,13851.64,0
54,2024-11,15571.71,0
54,2024-12,14716.42,0
54,2025-01,17335.93,0
54,2025-02,14532.72,0
54,2025-03,16117.35,1
54,2025-04,12351.96,0
54,2025-05,12513.94,0
54,2025-06,11420.17,0
54,2025-07,12882.57,0
54,2025-08,12395.17,0
54,2025-09,14024.9,0
54,2025-10,15054.75,0
54,2025-11,14445.97,0
54,2025-12,20231.79,1
55,2023-01,8366.89,1
55,2023-02,7268.26,0
55,2023-03,6980.6,0
55,2023-04,6399.58,0
55,2023-05,5573.13,1
55,2023-06,4689.3,0
55,2023-07,4950.79,0
55,2023-08,5707.61,1
55,2023-09,6714.56,1
55,2023-10,6964.5,1
55,2023-11,6724.64,0
55,2023-12,8775.72,1
55,2024-01,6620.7,0
55,2024-02,7309.84,0
55,2024-03,7222.75,0
55,2024-04,6593.02,0
55,2024-05,6682.57,1
55,2024-06,5775.68,0
55,2024-07,5828.78,0
55,2024-08,5397.55,0
55,2024-09,6377.38,0
55,2024-10,7509.23,0
55,2024-11,7400.89,0
55,2024-12,7689.09,0
56,2023-01,5077.64,0
56,2023-02,5430.39,0
56,2023-03,4707.95,0
56,2023-04,3522.12,0
56,2023-05,3771.13,0
56,2023-06,3685.21,1
56,2023-07,3877.69,0
56,2023-08,4780.64,1
56,2023-09,5509.65,1
56,2023-10,5597.97,1
56,2023-11,5238.44,0
56,2023-12,5455.66,0
56,2024-01,4795.71,0
56,2024-02,5561.32,1
56,2024-03,4697.63,0
56,2024-04,4009.87,0
56,2024-05,4043.31,0
56,2024-06,4371.44,0
56,2024-07,3270.04,0
56,2024-08,4760.35,1
56,2024-09,4975.46,1
56,2024-10,5088.61,0
56,2024-11,5337.69,0
56,2024-12,5351.99,0
56,2025-01,4845.59,0
56,2025-02,5506.11,0
56,2025-03,5020.13,0
56,2025-04,4586.05,0
56,2025-05,4464.48,0
56,2025-06,3753.57,0
56,2025-07,3948.84,0
56,2025-08,3953.37,0
56,2025-09,4991.98,1
57,2023-01,17125.64,1
57,2023-02,17149.61,1
57,2023-03,12454.64,0
57,2023-04,15937.62,1
57,2023-05,14784.41,0
57,2023-06,11126.99,0
57,2023-07,12115.57,0
57,2023-08,16925.79,1
57,2023-09,15190.73,0
57,2023-10,16410.52,0
57,2023-11,17955.25,1
57,2023-12,17636.88,0
57,2024-01,16984.95,0
57,2024-02,17682.52,0
57,2024-03,16434.27,0
57,2024-04,13974.52,0
57,2024-05,13077.56,0
57,2024-06,14015.76,0
57,2024-07,14347.58,0
57,2024-08,13481.97,0
57,2024-09,16642.47,1
57,2024-10,15198.4,0
57,2024-11,19780.03,1
57,2024-12,18794.24,0
57,2025-01,16347.11,0
57,2025-02,20628.2,1
57,2025-03,18225.56,1
57,2025-04,18855.58,1
57,2025-05,15590.7,0
57,2025-06,17403.05,1
57,2025-07,13972.68,0
57,2025-08,14174.53,0
57,2025-09,18274.31,1
57,2025-10,17230.6,0
57,2025-11,20640.5,0
57,2025-12,23099.39,1
58,2023-01,19325.06,0
58,2023-02,20274.7,0
58,2023-03,15330.54,0
58,2023-04,18274.62,0
58,2023-05,14210.24,0
58,2023-06,15971.11,0
58,2023-07,14068.43,0
58,2023-08,17607.91,1
58,2023-09,16727.81,0
58,2023-10,19579.73,0
58,2023-11,18467.69,0
58,2023-12,17322.51,0
58,2024-01,23173.65,0
58,2024-02,22571.52,0
58,2024-03,20146.97,1
58,2024-04,15932.73,0
58,2024-05,15470.67,0
58,2024-06,13728.38,0
58,2024-07,15730.56,0
58,2024-08,15870.29,0
58,2024-09,19331.08,1
58,2024-10,21106.29,1
58,2024-11,21100.24,0
58,2024-12,21458.2,0
58,2025-01,21870.16,0
58,2025-02,19937.49,0
58,2025-03,21121.7,0
58,2025-04,18346.63,0
58,2025-05,16366.67,0
58,2025-06,14488.19,0
58,2025-07,19252.73,1
59,2023-01,13304.88,0
59,2023-02,13495.83,0
59,2023-03,13287.21,1
59,2023-04,11972.12,0
59,2023-05,9886.31,1
59,2023-06,10714.79,1
59,2023-07,10753.76,0
59,2023-08,10226.87,0
59,2023-09,10138.11,0
59,2023-10,12477.67,0
59,2023-11,14476.62,0
59,2023-12,14936.02,1
59,2024-01,16219.67,1
59,2024-02,13871.5,0
59,2024-03,14817.24,0
59,2024-04,11090.93,0
59,2024-05,12368.01,0
59,2024-06,9806.8,0
59,2024-07,11126.31,0
59,2024-08,12448.48,1
59,2024-09,12078.47,0
59,2024-10,12224.74,0
59,2024-11,15458.72,0
59,2024-12,18604.06,1
59,2025-01,15948.25,0
59,2025-02,13885.45,0
59,2025-03,13227.06,0
59,2025-04,13719.49,1
59,2025-05,12041.52,0
59,2025-06,11986.16,0
59,2025-07,12216.02,1
59,2025-08,10179.63,0
59,2025-09,11181.96,0
59,2025-10,13508.21,0
59,2025-11,18649.15,1
59,2025-12,16787.24,0
60,2023-01,19059.4,1
60,2023-02,14581.72,0
60,2023-03,15501.74,1
60,2023-04,14059.37,0
60,2023-05,13674.59,0
60,2023-06,12450.99,0
60,2023-07,12629.09,0
60,2023-08,11804.18,0
60,2023-09,14514.87,0
60,2023-10,13611.0,0
60,2023-11,17770.88,0
60,2023-12,17435.28,0
60,2024-01,16547.59,0
60,2024-02,15091.5,1
60,2024-03,14664.03,0
60,2024-04,13717.74,0
60,2024-05,12751.62,0
60,2024-06,11880.65,0
60,2024-07,11778.75,0
60,2024-08,12245.42,0
60,2024-09,18314.24,1
60,2024-10,18402.43,0
60,2024-11,17390.4,0
60,2024-12,16639.72,0
60,2025-01,18142.05,1
60,2025-02,16579.28,0
60,2025-03,18121.97,0
60,2025-04,16403.75,1
60,2025-05,16239.23,1
60,2025-06,15534.35,1
60,2025-07,13539.94,0
60,2025-08,12497.54,0
60,2025-09,16525.88,0
60,2025-10,14966.24,0
60,2025-11,16789.7,0
60,2025-12,18981.67,0
